Cohort_Month,0,1,2,3,4,5,6,7,8,9,10,11,12,13,14,15,16,17,18,19,20,21,22,23
2024-07,100.0,24.390243902439025,24.390243902439025,24.390243902439025,17.073170731707318,4.878048780487805,12.195121951219512,14.634146341463413,17.073170731707318,12.195121951219512,24.390243902439025,12.195121951219512,26.82926829268293,17.073170731707318,7.317073170731707,7.317073170731707,9.75609756097561,4.878048780487805,21.951219512195124,24.390243902439025,24.390243902439025,9.75609756097561,12.195121951219512,7.317073170731707
2024-08,100.0,18.421052631578945,10.526315789473683,31.57894736842105,18.421052631578945,7.894736842105263,13.157894736842104,31.57894736842105,13.157894736842104,26.31578947368421,18.421052631578945,5.263157894736842,21.052631578947366,15.789473684210526,13.157894736842104,10.526315789473683,5.263157894736842,21.052631578947366,13.157894736842104,18.421052631578945,26.31578947368421,10.526315789473683,13.157894736842104,
2024-09,100.0,30.434782608695656,13.043478260869565,17.391304347826086,30.434782608695656,13.043478260869565,13.043478260869565,17.391304347826086,13.043478260869565,13.043478260869565,34.78260869565217,21.73913043478261,26.08695652173913,17.391304347826086,17.391304347826086,8.695652173913043,13.043478260869565,13.043478260869565,4.3478260869565215,,26.08695652173913,26.08695652173913,,
2024-10,100.0,11.11111111111111,22.22222222222222,11.11111111111111,5.555555555555555,11.11111111111111,33.33333333333333,11.11111111111111,11.11111111111111,22.22222222222222,33.33333333333333,16.666666666666664,27.77777777777778,33.33333333333333,,16.666666666666664,11.11111111111111,11.11111111111111,27.77777777777778,5.555555555555555,16.666666666666664,,,
2024-11,100.0,29.411764705882355,29.411764705882355,23.52941176470588,17.647058823529413,11.76470588235294,29.411764705882355,23.52941176470588,,11.76470588235294,23.52941176470588,23.52941176470588,5.88235294117647,23.52941176470588,,23.52941176470588,29.411764705882355,5.88235294117647,11.76470588235294,17.647058823529413,,,,
2024-12,100.0,,27.27272727272727,18.181818181818183,9.090909090909092,18.181818181818183,9.090909090909092,45.45454545454545,18.181818181818183,18.181818181818183,18.181818181818183,9.090909090909092,18.181818181818183,9.090909090909092,9.090909090909092,45.45454545454545,18.181818181818183,18.181818181818183,18.181818181818183,,,,,
2025-01,100.0,6.666666666666667,13.333333333333334,26.666666666666668,26.666666666666668,33.33333333333333,33.33333333333333,40.0,26.666666666666668,26.666666666666668,13.333333333333334,40.0,13.333333333333334,,13.333333333333334,13.333333333333334,13.333333333333334,20.0,,,,,,
2025-02,100.0,14.285714285714285,42.857142857142854,,,,42.857142857142854,28.57142857142857,28.57142857142857,28.57142857142857,28.57142857142857,14.285714285714285,28.57142857142857,14.285714285714285,14.285714285714285,42.857142857142854,,,,,,,,
2025-03,100.0,10.0,40.0,30.0,10.0,30.0,20.0,30.0,30.0,,,40.0,30.0,10.0,50.0,30.0,,,,,,,,
2025-04,100.0,12.5,12.5,25.0,25.0,37.5,37.5,25.0,25.0,25.0,25.0,37.5,12.5,25.0,25.0,,,,,,,,,
2025-05,100.0,25.0,25.0,75.0,25.0,25.0,25.0,25.0,75.0,,,,50.0,25.0,,,,,,,,,,
2025-06,100.0,,,,,100.0,,,100.0,100.0,100.0,,,,,,,,,,,,,
2025-07,100.0,33.33333333333333,33.33333333333333,66.66666666666666,,33.33333333333333,66.66666666666666,66.66666666666666,33.33333333333333,33.33333333333333,33.33333333333333,,,,,,,,,,,,,
2025-08,100.0,66.66666666666666,,,66.66666666666666,,100.0,66.66666666666666,33.33333333333333,,,,,,,,,,,,,,,
2025-10,100.0,,,,,100.0,100.0,100.0,,,,,,,,,,,,,,,,
