Customer_ID,Recency,Frequency,Monetary,R_Score,F_Score,M_Score,RFM_Score,Segment,City,Age_Band,Gender,Acquisition_Channel,Churned
C1,313,5,27005.8,1,1,1,111,At Risk Low Engagement,Delhi,18-24,F,Marketplace,0
C10,235,5,41664.8,1,1,3,113,At Risk High Value,Chennai,45-54,F,App,0
C100,313,5,29612.45,1,1,1,111,At Risk Low Engagement,Bangalore,35-44,F,App,0
C101,35,5,29879.35,4,1,1,411,Potential Customers,Delhi,55+,M,Website,0
C102,96,5,52209.8,3,1,4,314,Loyal High Value,Delhi,45-54,F,Marketplace,0
C103,42,5,26330.5,4,1,1,411,Potential Customers,Chennai,35-44,F,Offline,0
C104,166,5,28470.8,2,1,1,211,At Risk Low Engagement,Hyderabad,55+,F,Offline,0
C105,118,5,48623.85,2,1,4,214,At Risk High Value,Mumbai,55+,F,Marketplace,0
C106,34,5,18545.0,4,1,1,411,Potential Customers,Pune,45-54,F,Marketplace,0
C107,55,5,35579.8,3,1,2,312,Potential Customers,Hyderabad,55+,M,Website,0
C108,329,5,32525.899999999998,1,1,2,112,At Risk Low Engagement,Mumbai,35-44,M,Marketplace,0
C109,283,5,26009.4,1,1,1,111,At Risk Low Engagement,Hyderabad,25-34,M,Website,0
C11,41,5,35977.1,4,1,2,412,Potential Customers,Hyderabad,35-44,F,Offline,0
C110,1,5,31814.3,4,1,2,412,Potential Customers,Bangalore,45-54,F,Offline,0
C111,15,5,50434.65,4,1,4,414,Loyal High Value,Pune,18-24,M,Marketplace,0
C112,324,5,20452.1,1,1,1,111,At Risk Low Engagement,Hyderabad,55+,M,Offline,0
C113,51,5,49331.3,3,1,4,314,Loyal High Value,Hyderabad,45-54,M,Offline,0
C114,65,5,25846.0,3,1,1,311,Potential Customers,Bangalore,25-34,F,App,0
C115,295,5,45412.65,1,1,3,113,At Risk High Value,Bangalore,55+,F,Website,0
C116,154,5,32203.75,2,1,2,212,At Risk Low Engagement,Pune,25-34,F,Website,0
C117,17,5,45278.5,4,1,3,413,Loyal High Value,Chennai,45-54,M,Offline,0
C118,219,5,36674.25,1,1,2,112,At Risk Low Engagement,Hyderabad,35-44,M,App,0
C119,109,5,40122.45,2,1,3,213,At Risk High Value,Delhi,18-24,F,Offline,0
C12,261,5,42824.0,1,1,3,113,At Risk High Value,Mumbai,25-34,M,App,0
C120,55,5,43047.2,3,1,3,313,Loyal High Value,Mumbai,18-24,M,Marketplace,0
C121,67,5,24548.95,3,1,1,311,Potential Customers,Pune,45-54,M,App,0
C122,285,5,45960.8,1,1,3,113,At Risk High Value,Hyderabad,55+,F,App,0
C123,427,5,31180.4,1,1,1,111,At Risk Low Engagement,Pune,45-54,M,Website,0
C124,162,5,51827.6,2,1,4,214,At Risk High Value,Pune,55+,M,App,0
C125,88,5,66009.15,3,1,4,314,Loyal High Value,Mumbai,55+,M,App,0
C126,254,5,38103.8,1,1,2,112,At Risk Low Engagement,Mumbai,25-34,M,Offline,0
C127,38,5,20931.8,4,1,1,411,Potential Customers,Mumbai,18-24,F,App,0
C128,177,5,28630.6,2,1,1,211,At Risk Low Engagement,Mumbai,45-54,M,Website,0
C129,36,5,37799.5,4,1,2,412,Potential Customers,Bangalore,45-54,F,Website,0
C13,94,5,63834.6,3,1,4,314,Loyal High Value,Chennai,18-24,M,App,0
C130,263,5,57685.25,1,1,4,114,At Risk High Value,Pune,25-34,F,Offline,0
C131,592,5,39033.0,1,1,2,112,At Risk Low Engagement,Mumbai,35-44,M,App,0
C132,143,5,42221.5,2,1,3,213,At Risk High Value,Delhi,55+,F,Website,0
C133,473,5,33545.15,1,1,2,112,At Risk Low Engagement,Pune,18-24,F,Website,0
C134,8,5,34851.9,4,1,2,412,Potential Customers,Chennai,35-44,M,Website,0
C135,301,5,38595.85,1,1,2,112,At Risk Low Engagement,Bangalore,35-44,M,Website,0
C136,115,5,21055.0,2,1,1,211,At Risk Low Engagement,Chennai,25-34,F,Marketplace,0
C137,13,5,54048.45,4,1,4,414,Loyal High Value,Delhi,45-54,F,Marketplace,0
C138,156,5,33379.65,2,1,2,212,At Risk Low Engagement,Pune,45-54,M,Offline,0
C139,101,5,48254.25,3,1,3,313,Loyal High Value,Hyderabad,25-34,F,Offline,0
C14,115,5,54166.8,2,1,4,214,At Risk High Value,Chennai,18-24,F,Marketplace,0
C140,120,5,20214.5,2,1,1,211,At Risk Low Engagement,Mumbai,55+,M,Marketplace,0
C141,40,5,39164.5,4,1,3,413,Loyal High Value,Chennai,55+,F,App,0
C142,205,5,48551.8,1,1,3,113,At Risk High Value,Hyderabad,35-44,F,App,0
C143,321,5,39675.95,1,1,3,113,At Risk High Value,Mumbai,25-34,M,Marketplace,0
C144,93,5,44063.55,3,2,3,323,Loyal High Value,Bangalore,55+,F,Offline,0
C145,13,5,36616.65,4,2,2,422,Potential Customers,Pune,35-44,F,App,1
C146,171,5,26642.95,2,2,1,221,At Risk Low Engagement,Hyderabad,25-34,F,Website,0
C147,40,5,41227.55,4,2,3,423,Loyal High Value,Pune,35-44,M,Website,0
C148,66,5,75533.95,3,2,4,324,Loyal High Value,Pune,35-44,M,Offline,0
C149,65,5,54439.0,3,2,4,324,Loyal High Value,Mumbai,25-34,F,Offline,0
C15,277,5,41573.6,1,2,3,123,At Risk High Value,Pune,45-54,F,App,0
C150,525,5,42734.0,1,2,3,123,At Risk High Value,Hyderabad,35-44,F,Website,0
C151,40,5,39025.9,4,2,2,422,Potential Customers,Mumbai,25-34,F,Offline,0
C152,127,5,50376.9,2,2,4,224,At Risk High Value,Pune,55+,M,App,0
C153,21,5,37238.4,4,2,2,422,Potential Customers,Pune,45-54,M,Offline,0
C154,85,5,36338.0,3,2,2,322,Potential Customers,Delhi,45-54,M,Offline,0
C155,34,5,33298.0,4,2,2,422,Potential Customers,Pune,18-24,F,App,0
C156,2,5,53813.05,4,2,4,424,Loyal High Value,Delhi,45-54,M,Marketplace,0
C157,63,5,47660.2,3,2,3,323,Loyal High Value,Mumbai,18-24,F,App,0
C158,126,5,59767.35,2,2,4,224,At Risk High Value,Bangalore,25-34,F,Offline,0
C159,128,5,35263.15,2,2,2,222,At Risk Low Engagement,Delhi,18-24,M,Website,0
C16,353,5,42624.4,1,2,3,123,At Risk High Value,Pune,45-54,F,Marketplace,1
C160,330,5,62895.95,1,2,4,124,At Risk High Value,Bangalore,18-24,M,Marketplace,0
C161,87,5,51751.65,3,2,4,324,Loyal High Value,Delhi,18-24,F,Offline,0
C162,66,5,47438.85,3,2,3,323,Loyal High Value,Mumbai,55+,M,App,0
C163,141,5,40837.9,2,2,3,223,At Risk High Value,Mumbai,18-24,M,Offline,0
C164,63,5,38670.950000000004,3,2,2,322,Potential Customers,Mumbai,55+,F,Website,0
C165,43,5,32311.9,4,2,2,422,Potential Customers,Pune,45-54,M,Website,0
C166,22,5,44871.2,4,2,3,423,Loyal High Value,Pune,35-44,M,Website,0
C167,160,5,68139.2,2,2,4,224,At Risk High Value,Hyderabad,55+,M,Offline,0
C168,65,5,48921.0,3,2,4,324,Loyal High Value,Pune,55+,F,Marketplace,0
C169,165,5,33274.8,2,2,2,222,At Risk Low Engagement,Pune,45-54,M,Website,0
C17,130,5,36371.6,2,2,2,222,At Risk Low Engagement,Delhi,35-44,F,Website,0
C170,98,5,56758.8,3,2,4,324,Loyal High Value,Delhi,55+,M,Marketplace,0
C171,83,5,35877.05,3,2,2,322,Potential Customers,Chennai,25-34,F,Offline,0
C172,109,5,60868.5,2,2,4,224,At Risk High Value,Delhi,18-24,F,Website,0
C173,102,5,48307.2,3,2,3,323,Loyal High Value,Chennai,45-54,F,Offline,0
C174,22,5,20504.0,4,2,1,421,Potential Customers,Delhi,35-44,F,App,0
C175,419,5,42602.05,1,2,3,123,At Risk High Value,Mumbai,45-54,F,App,0
C176,110,5,59473.850000000006,2,2,4,224,At Risk High Value,Pune,18-24,F,Marketplace,0
C177,275,5,48439.4,1,2,3,123,At Risk High Value,Bangalore,25-34,M,Website,0
C178,142,5,39690.4,2,2,3,223,At Risk High Value,Delhi,25-34,M,Website,0
C179,134,5,51063.1,2,2,4,224,At Risk High Value,Mumbai,18-24,F,Offline,0
C18,113,5,52069.0,2,2,4,224,At Risk High Value,Mumbai,55+,F,App,0
C180,51,5,42567.8,3,2,3,323,Loyal High Value,Chennai,45-54,F,Offline,0
C181,53,5,23452.4,3,2,1,321,Potential Customers,Delhi,55+,M,Website,0
C182,386,5,28876.5,1,2,1,121,At Risk Low Engagement,Delhi,45-54,F,App,0
C183,79,5,18721.2,3,2,1,321,Potential Customers,Bangalore,35-44,M,Offline,0
C184,129,5,69311.7,2,2,4,224,At Risk High Value,Bangalore,25-34,M,App,0
C185,144,5,34097.9,2,2,2,222,At Risk Low Engagement,Chennai,25-34,F,Website,0
C186,311,5,42167.9,1,2,3,123,At Risk High Value,Hyderabad,55+,M,Offline,0
C187,17,5,40483.75,4,2,3,423,Loyal High Value,Hyderabad,45-54,M,Website,0
C188,94,5,64908.75,3,2,4,324,Loyal High Value,Chennai,35-44,F,Offline,0
C189,142,5,43155.7,2,2,3,223,At Risk High Value,Delhi,55+,M,Offline,0
C19,158,5,45405.35,2,3,3,233,At Risk High Value,Hyderabad,45-54,M,Website,0
C190,261,5,27420.9,1,3,1,131,Frequent Customers,Bangalore,25-34,M,App,1
C191,19,5,23467.4,4,3,1,431,Frequent Customers,Hyderabad,45-54,F,Marketplace,0
C192,152,5,37483.55,2,3,2,232,Frequent Customers,Hyderabad,45-54,F,Website,0
C193,83,5,55406.8,3,3,4,334,Champions,Mumbai,18-24,F,Marketplace,0
C194,372,5,37241.25,1,3,2,132,Frequent Customers,Hyderabad,45-54,F,App,0
C195,53,5,40126.6,3,3,3,333,Champions,Bangalore,25-34,M,Website,0
C196,229,5,30773.4,1,3,1,131,Frequent Customers,Delhi,55+,F,App,0
C197,12,5,33031.55,4,3,2,432,Frequent Customers,Hyderabad,18-24,M,Website,0
C198,57,5,33674.15,3,3,2,332,Frequent Customers,Delhi,35-44,F,Website,0
C199,64,5,44686.55,3,3,3,333,Champions,Mumbai,45-54,M,App,0
C2,244,5,29408.2,1,3,1,131,Frequent Customers,Mumbai,18-24,M,App,0
C20,36,5,54766.5,4,3,4,434,Champions,Bangalore,55+,F,Website,0
C200,250,5,33024.8,1,3,2,132,Frequent Customers,Mumbai,55+,M,Website,0
C21,18,5,32656.0,4,3,2,432,Frequent Customers,Mumbai,45-54,F,App,0
C22,26,5,44505.75,4,3,3,433,Champions,Hyderabad,35-44,F,Website,0
C23,109,5,36282.1,2,3,2,232,Frequent Customers,Chennai,35-44,F,App,0
C24,536,5,56820.5,1,3,4,134,At Risk High Value,Pune,18-24,F,Website,0
C25,139,5,48977.850000000006,2,3,4,234,At Risk High Value,Pune,25-34,M,App,0
C26,168,5,35387.35,2,3,2,232,Frequent Customers,Pune,55+,F,App,0
C27,126,5,12322.1,2,3,1,231,Frequent Customers,Pune,18-24,F,Offline,0
C28,390,5,27648.850000000002,1,3,1,131,Frequent Customers,Delhi,45-54,F,Offline,0
C29,209,5,56337.1,1,3,4,134,At Risk High Value,Delhi,25-34,F,Website,0
C3,155,5,30645.4,2,3,1,231,Frequent Customers,Hyderabad,18-24,F,Marketplace,0
C30,17,5,45780.0,4,3,3,433,Champions,Delhi,55+,M,Website,0
C31,73,5,26323.5,3,3,1,331,Frequent Customers,Mumbai,45-54,F,Offline,0
C32,188,5,30003.9,2,3,1,231,Frequent Customers,Bangalore,25-34,F,Marketplace,0
C33,12,5,28794.3,4,3,1,431,Frequent Customers,Pune,18-24,F,Marketplace,0
C34,28,5,48331.6,4,3,3,433,Champions,Mumbai,55+,F,App,0
C35,110,5,67265.2,2,3,4,234,At Risk High Value,Delhi,45-54,F,Website,0
C36,282,5,35478.0,1,3,2,132,Frequent Customers,Hyderabad,45-54,F,Offline,0
C37,108,5,17456.1,2,3,1,231,Frequent Customers,Chennai,45-54,F,App,0
C38,325,5,47090.55,1,3,3,133,At Risk High Value,Mumbai,18-24,M,Offline,0
C39,34,5,41814.05,4,3,3,433,Champions,Delhi,25-34,F,App,0
C4,100,5,25473.1,3,3,1,331,Frequent Customers,Pune,45-54,M,Marketplace,0
C40,81,5,50763.0,3,3,4,334,Champions,Bangalore,45-54,F,Offline,0
C41,39,5,28016.45,4,3,1,431,Frequent Customers,Pune,45-54,M,Website,0
C42,348,5,46199.25,1,3,3,133,At Risk High Value,Hyderabad,25-34,F,Offline,0
C43,48,5,51955.9,3,3,4,334,Champions,Hyderabad,18-24,M,Marketplace,0
C44,221,5,33336.35,1,3,2,132,Frequent Customers,Chennai,55+,F,App,0
C45,51,5,62006.85,3,3,4,334,Champions,Chennai,35-44,F,Offline,0
C46,160,5,46868.2,2,3,3,233,At Risk High Value,Pune,18-24,M,Marketplace,0
C47,96,5,65256.0,3,3,4,334,Champions,Mumbai,45-54,M,Marketplace,0
C48,201,5,41205.2,2,3,3,233,At Risk High Value,Mumbai,18-24,F,Website,0
C49,326,5,55558.7,1,3,4,134,At Risk High Value,Chennai,18-24,M,Marketplace,0
C5,196,5,28752.2,2,3,1,231,Frequent Customers,Pune,45-54,F,Offline,0
C50,76,5,27525.15,3,3,1,331,Frequent Customers,Pune,18-24,M,App,0
C51,9,5,35614.75,4,3,2,432,Frequent Customers,Bangalore,18-24,M,Offline,0
C52,223,5,21238.7,1,3,1,131,Frequent Customers,Hyderabad,45-54,F,Offline,0
C53,54,5,36594.5,3,3,2,332,Frequent Customers,Bangalore,55+,F,Offline,1
C54,109,5,18028.85,2,4,1,241,Frequent Customers,Chennai,35-44,M,Website,0
C55,8,5,22906.8,4,4,1,441,Frequent Customers,Bangalore,18-24,F,Website,0
C56,160,5,56749.25,2,4,4,244,At Risk High Value,Hyderabad,55+,M,Website,0
C57,148,5,20624.0,2,4,1,241,Frequent Customers,Chennai,25-34,F,Website,0
C58,26,5,28118.3,4,4,1,441,Frequent Customers,Pune,35-44,M,App,0
C59,1,5,39074.45,4,4,2,442,Frequent Customers,Delhi,55+,M,Marketplace,0
C6,39,5,56416.15,4,4,4,444,Champions,Delhi,35-44,M,Website,0
C60,95,5,30917.25,3,4,1,341,Frequent Customers,Hyderabad,55+,F,Marketplace,0
C61,8,5,56882.0,4,4,4,444,Champions,Hyderabad,35-44,M,Marketplace,0
C62,42,5,28820.35,4,4,1,441,Frequent Customers,Bangalore,55+,M,App,0
C63,39,5,37609.25,4,4,2,442,Frequent Customers,Delhi,25-34,M,Website,0
C64,23,5,33803.8,4,4,2,442,Frequent Customers,Pune,25-34,M,Website,0
C65,140,5,44275.6,2,4,3,243,At Risk High Value,Mumbai,45-54,F,App,0
C66,234,5,26401.65,1,4,1,141,Frequent Customers,Chennai,45-54,F,App,0
C67,58,5,42284.1,3,4,3,343,Champions,Bangalore,55+,F,Website,0
C68,95,5,42689.55,3,4,3,343,Champions,Chennai,18-24,F,Website,0
C69,102,5,43612.0,2,4,3,243,At Risk High Value,Delhi,45-54,F,App,0
C7,25,5,57274.6,4,4,4,444,Champions,Bangalore,45-54,F,Marketplace,0
C70,28,5,38995.5,4,4,2,442,Frequent Customers,Delhi,25-34,M,Website,0
C71,444,5,25281.0,1,4,1,141,Frequent Customers,Chennai,35-44,F,Offline,0
C72,137,5,62140.4,2,4,4,244,At Risk High Value,Hyderabad,35-44,F,Offline,0
C73,7,5,35374.75,4,4,2,442,Frequent Customers,Delhi,35-44,M,Website,0
C74,4,5,49835.25,4,4,4,444,Champions,Chennai,25-34,F,Offline,0
C75,171,5,48601.4,2,4,4,244,At Risk High Value,Chennai,18-24,F,Offline,0
C76,233,5,50524.0,1,4,4,144,At Risk High Value,Mumbai,18-24,F,Marketplace,0
C77,202,5,50584.8,1,4,4,144,At Risk High Value,Mumbai,25-34,M,Marketplace,0
C78,33,5,41776.7,4,4,3,443,Champions,Pune,45-54,F,Offline,1
C79,140,5,59932.8,2,4,4,244,At Risk High Value,Delhi,18-24,F,Website,0
C8,48,5,36512.1,3,4,2,342,Frequent Customers,Delhi,18-24,M,Website,0
C80,213,5,40525.7,1,4,3,143,At Risk High Value,Chennai,55+,F,Marketplace,0
C81,152,5,37222.85,2,4,2,242,Frequent Customers,Mumbai,55+,M,App,0
C82,99,5,25917.85,3,4,1,341,Frequent Customers,Mumbai,45-54,F,App,0
C83,75,5,31424.4,3,4,2,342,Frequent Customers,Pune,55+,F,App,0
C84,22,5,34314.0,4,4,2,442,Frequent Customers,Hyderabad,25-34,M,Marketplace,0
C85,277,5,32454.55,1,4,2,142,Frequent Customers,Hyderabad,35-44,M,Marketplace,0
C86,6,5,21875.2,4,4,1,441,Frequent Customers,Pune,35-44,F,Offline,0
C87,236,5,50750.05,1,4,4,144,At Risk High Value,Hyderabad,45-54,F,Marketplace,0
C88,51,5,57045.5,3,4,4,344,Champions,Bangalore,45-54,F,Marketplace,0
C89,79,5,45980.9,3,4,3,343,Champions,Pune,55+,M,App,0
C9,82,5,33519.75,3,4,2,342,Frequent Customers,Bangalore,55+,F,Website,0
C90,266,5,44732.15,1,4,3,143,At Risk High Value,Hyderabad,25-34,M,App,0
C91,138,5,22828.2,2,4,1,241,Frequent Customers,Chennai,55+,F,Marketplace,0
C92,25,5,44947.55,4,4,3,443,Champions,Mumbai,45-54,M,App,0
C93,57,5,57132.55,3,4,4,344,Champions,Bangalore,45-54,M,Website,0
C94,44,5,32618.85,3,4,2,342,Frequent Customers,Chennai,18-24,M,Marketplace,0
C95,336,5,35744.65,1,4,2,142,Frequent Customers,Mumbai,55+,M,Marketplace,0
C96,69,5,23017.1,3,4,1,341,Frequent Customers,Bangalore,55+,M,Marketplace,0
C97,38,5,12905.25,4,4,1,441,Frequent Customers,Mumbai,55+,M,App,0
C98,69,5,20380.0,3,4,1,341,Frequent Customers,Pune,18-24,M,Website,0
C99,253,5,42001.0,1,4,3,143,At Risk High Value,Delhi,55+,F,Offline,1
